--TAO BANG HANG_XE
CREATE TABLE HANG_XE(
    MA_HANG_XE CHAR(5) PRIMARY KEY,
    TEN_HANG_XE VARCHAR2(50)
);
--TAO BANG XE
CREATE TABLE XE(
    MA_XE CHAR(5) PRIMARY KEY,
    MA_HANG_XE CHAR(5) NOT NULL,
    DONG_XE VARCHAR2(50) NOT NULL,
    PHIEN_BAN VARCHAR2(50) NOT NULL,
    PHAN_KHUC VARCHAR2(50) NOT NULL,
    DONG_CO VARCHAR2(50) NOT NULL,
    GIA_NIEM_YET NUMBER(20) NOT NULL,
    DAM_PHAN VARCHAR2(150),
    FOREIGN KEY (MA_HANG_XE) REFERENCES HANG_XE(MA_HANG_XE)
);


--TAO BANG GIA_LAN_BANH
CREATE TABLE GIA_LAN_BANH(
    MA_TINH NUMBER(2) PRIMARY KEY CHECK (MA_TINH >0 AND MA_TINH <=64),
    TEN_TINH VARCHAR(50) NOT NULL,
    PHI_TRUOC_BA NUMBER(5,3) DEFAULT 0.10 NOT NULL CHECK (PHI_TRUOC_BA >0 AND PHI_TRUOC_BA <1),
    PHI_SD_DUONG_BO NUMBER(15) NOT NULL CHECK(PHI_SD_DUONG_BO >0),
    BAO_HIEM_TNDS NUMBER(15) NOT NULL CHECK(BAO_HIEM_TNDS >0),
    PHI_DK_BIEN_SO NUMBER(15) NOT NULL CHECK(PHI_DK_BIEN_SO >0),
    PHI_DANG_KIEM NUMBER(10) NOT NULL CHECK(PHI_DANG_KIEM >0),
    CONSTRAINT CHECK_TEN_TINH UNIQUE (TEN_TINH)
);

--NHAP THONG TIN BANG HANG_XE
INSERT INTO HANG_XE (MA_HANG_XE, TEN_HANG_XE) VALUES ('VOL', 'VOLVO');
INSERT INTO HANG_XE (MA_HANG_XE, TEN_HANG_XE) VALUES ('HOD', 'HONDA');
INSERT INTO HANG_XE (MA_HANG_XE, TEN_HANG_XE) VALUES ('LAR', 'LAND ROVER');
INSERT INTO HANG_XE (MA_HANG_XE, TEN_HANG_XE) VALUES ('BYD', 'BYD');
INSERT INTO HANG_XE (MA_HANG_XE, TEN_HANG_XE) VALUES ('SUZ', 'SUZUKI');
INSERT INTO HANG_XE (MA_HANG_XE, TEN_HANG_XE) VALUES ('JAG', 'JAGUAR');
INSERT INTO HANG_XE (MA_HANG_XE, TEN_HANG_XE) VALUES ('BEN', 'BENTLEY');
INSERT INTO HANG_XE (MA_HANG_XE, TEN_HANG_XE) VALUES ('VIN', 'VINFAST');
INSERT INTO HANG_XE (MA_HANG_XE, TEN_HANG_XE) VALUES ('MER', 'MERCEDES');
INSERT INTO HANG_XE (MA_HANG_XE, TEN_HANG_XE) VALUES ('HOQ', 'HONGQI');
INSERT INTO HANG_XE (MA_HANG_XE, TEN_HANG_XE) VALUES ('MAS', 'MASERATI');
INSERT INTO HANG_XE (MA_HANG_XE, TEN_HANG_XE) VALUES ('AUD', 'AUDI');
INSERT INTO HANG_XE (MA_HANG_XE, TEN_HANG_XE) VALUES ('NIS', 'NISSAN');
INSERT INTO HANG_XE (MA_HANG_XE, TEN_HANG_XE) VALUES ('FOR', 'FORD');
INSERT INTO HANG_XE (MA_HANG_XE, TEN_HANG_XE) VALUES ('TOY', 'TOYOTA');
INSERT INTO HANG_XE (MA_HANG_XE, TEN_HANG_XE) VALUES ('JEP', 'JEEP');
INSERT INTO HANG_XE (MA_HANG_XE, TEN_HANG_XE) VALUES ('MAD', 'MAZDA');
INSERT INTO HANG_XE (MA_HANG_XE, TEN_HANG_XE) VALUES ('BMW', 'BMW');
INSERT INTO HANG_XE (MA_HANG_XE, TEN_HANG_XE) VALUES ('LEX', 'LEXUS');
INSERT INTO HANG_XE (MA_HANG_XE, TEN_HANG_XE) VALUES ('POR', 'PORSCHE');
INSERT INTO HANG_XE (MA_HANG_XE, TEN_HANG_XE) VALUES ('AST', 'ASTON MARTIN');

--NHAP THONG TIN BANG XE
--1 VOL
INSERT INTO XE(MA_XE, MA_HANG_XE, DONG_XE, PHIEN_BAN, PHAN_KHUC, DONG_CO, GIA_NIEM_YET, DAM_PHAN) 
    VALUES ('VOL01', 'VOL', 'XC40 2021', 'R-Design', 'Xe sang cỡ nhỏ', 'I4 2.0', 1790000000, '');

INSERT INTO XE(MA_XE, MA_HANG_XE, DONG_XE, PHIEN_BAN, PHAN_KHUC, DONG_CO, GIA_NIEM_YET, DAM_PHAN) 
    VALUES ('VOL02', 'VOL', 'XC60 2022', 'R-Design', 'Xe sang cỡ nhỏ', 'I4 2.0', 2320000000, '');
    
INSERT INTO XE(MA_XE, MA_HANG_XE, DONG_XE, PHIEN_BAN, PHAN_KHUC, DONG_CO, GIA_NIEM_YET, DAM_PHAN) 
    VALUES ('VOL03', 'VOL', 'XC60 2022', 'Recharge (PHEV)', 'Xe sang cỡ nhỏ', 'Xăng I4 2.0', 2890000000, '');

INSERT INTO XE(MA_XE, MA_HANG_XE, DONG_XE, PHIEN_BAN, PHAN_KHUC, DONG_CO, GIA_NIEM_YET, DAM_PHAN) 
    VALUES ('VOL04', 'VOL', 'XC90 2021', 'Recharge', 'Xe sang cỡ lớn', 'I4 2.0 + Motor điện', 4650000000, '');

INSERT INTO XE(MA_XE, MA_HANG_XE, DONG_XE, PHIEN_BAN, PHAN_KHUC, DONG_CO, GIA_NIEM_YET, DAM_PHAN) 
    VALUES ('VOL05', 'VOL', 'XC90 2021', 'Inscription', 'Xe sang cỡ lớn', 'I4 2.0', 4050000000, '');

INSERT INTO XE(MA_XE, MA_HANG_XE, DONG_XE, PHIEN_BAN, PHAN_KHUC, DONG_CO, GIA_NIEM_YET, DAM_PHAN) 
    VALUES ('VOL06', 'VOL', 'V90 2021', 'Cross Country', 'Xe sang cỡ trung', 'I4 2.0', 3090000000, '');

--2 HOD
INSERT INTO XE (MA_XE, MA_HANG_XE, DONG_XE, PHIEN_BAN, PHAN_KHUC, DONG_CO, GIA_NIEM_YET, DAM_PHAN)
    VALUES ('HOD01', 'HOD', 'CR-V 2024', 'e:HEV RS', 'Xe cỡ vừa hạng C', '2.0L DOHC kết hợp motor điên', 1259000000, '');
    
INSERT INTO XE (MA_XE, MA_HANG_XE, DONG_XE, PHIEN_BAN, PHAN_KHUC, DONG_CO, GIA_NIEM_YET, DAM_PHAN)
    VALUES ('HOD02', 'HOD', 'Civic 2022', 'RS', 'Xe cỡ vừa hạng C', '1.5 VTEC Turbo', 870000000, '');
    
INSERT INTO XE (MA_XE, MA_HANG_XE, DONG_XE, PHIEN_BAN, PHAN_KHUC, DONG_CO, GIA_NIEM_YET, DAM_PHAN)
    VALUES ('HOD03', 'HOD', 'Civic Type R 2022', '2.0 MT', 'Xe cỡ vừa hạng C', '2.0 VTEC Turbo', 2399000000, '');
    
INSERT INTO XE (MA_XE, MA_HANG_XE, DONG_XE, PHIEN_BAN, PHAN_KHUC, DONG_CO, GIA_NIEM_YET, DAM_PHAN)
    VALUES ('HOD04', 'HOD', 'Accord 2022', '1.5 Turbo', 'Xe cỡ trung hạng D', '1.5 VTEC Turbo', 1319000000, '');
    
INSERT INTO XE (MA_XE, MA_HANG_XE, DONG_XE, PHIEN_BAN, PHAN_KHUC, DONG_CO, GIA_NIEM_YET, DAM_PHAN)
    VALUES ('HOD05', 'HOD', 'Brio 2021', 'RS', 'Xe nhỏ cỡ A', '1.2 i-VTEC', 452000000, '');
    
INSERT INTO XE (MA_XE, MA_HANG_XE, DONG_XE, PHIEN_BAN, PHAN_KHUC, DONG_CO, GIA_NIEM_YET, DAM_PHAN)
    VALUES ('HOD06', 'HOD', 'City 2023', 'RS', 'Xe nhỏ hạng B', '1.5 i-VTEC', 569000000, '');

--3 LAR
INSERT INTO XE (MA_XE, MA_HANG_XE, DONG_XE, PHIEN_BAN, PHAN_KHUC, DONG_CO, GIA_NIEM_YET, DAM_PHAN)
    VALUES ('LAR01', 'LAR', 'Defender 130 2023', 'SE P300', 'Xe sang cỡ lớn', '3.0 I6 tăng áp + Mild Hybrid', 5989000000, '');

INSERT INTO XE (MA_XE, MA_HANG_XE, DONG_XE, PHIEN_BAN, PHAN_KHUC, DONG_CO, GIA_NIEM_YET, DAM_PHAN)
    VALUES ('LAR02', 'LAR', 'Range Rover Sport 2023', 'Dynamic SE 3.0 I6 P360', 'Xe sang cỡ trung', '3.0 I6 360PS', 7329000000, '');

INSERT INTO XE (MA_XE, MA_HANG_XE, DONG_XE, PHIEN_BAN, PHAN_KHUC, DONG_CO, GIA_NIEM_YET, DAM_PHAN)
    VALUES ('LAR03', 'LAR', 'Range Rover Sport 2023', 'Dynamic HSE 3.0 I6 P360', 'Xe sang cỡ trung', '3.0 I6 360PS', 7899000000, '');
    
INSERT INTO XE (MA_XE, MA_HANG_XE, DONG_XE, PHIEN_BAN, PHAN_KHUC, DONG_CO, GIA_NIEM_YET, DAM_PHAN)
    VALUES ('LAR04', 'LAR', 'Range Rover Sport 2023', 'Autobiography 3.0 I6 P360', 'Xe sang cỡ trung', '3.0 I6 360PS', 8269000000, '');
    
INSERT INTO XE (MA_XE, MA_HANG_XE, DONG_XE, PHIEN_BAN, PHAN_KHUC, DONG_CO, GIA_NIEM_YET, DAM_PHAN)
    VALUES ('LAR05', 'LAR', 'Range Rover Sport 2023', 'First Edition SE 3.0 I6 P400', 'Xe sang cỡ trung', '3.0 I6 400PS', 8569000000, '');

INSERT INTO XE (MA_XE, MA_HANG_XE, DONG_XE, PHIEN_BAN, PHAN_KHUC, DONG_CO, GIA_NIEM_YET, DAM_PHAN)
    VALUES ('LAR06', 'LAR', 'Range Rover Evoque 2022', 'SE P200', 'Xe sang cỡ nhỏ', '2.0 I4', 2959000000, '');
    
--4 BYD
INSERT INTO XE (MA_XE, MA_HANG_XE, DONG_XE, PHIEN_BAN, PHAN_KHUC, DONG_CO, GIA_NIEM_YET, DAM_PHAN)
    VALUES ('BYD01', 'BYD', 'Atto 3 2024', 'Dynamic', 'Xe nhỏ hạng B+/C-', '5', 766000000, '');

INSERT INTO XE (MA_XE, MA_HANG_XE, DONG_XE, PHIEN_BAN, PHAN_KHUC, DONG_CO, GIA_NIEM_YET, DAM_PHAN)
    VALUES ('BYD02', 'BYD', 'Atto 3 2024', 'Premium', 'Xe nhỏ hạng B+/C-', '5', 886000000, '');
    
INSERT INTO XE (MA_XE, MA_HANG_XE, DONG_XE, PHIEN_BAN, PHAN_KHUC, DONG_CO, GIA_NIEM_YET, DAM_PHAN)
    VALUES ('BYD03', 'BYD', 'Seal 2024', 'Advanced', 'Xe cỡ trung hạng D', '5', 1119000000, '');
    
INSERT INTO XE (MA_XE, MA_HANG_XE, DONG_XE, PHIEN_BAN, PHAN_KHUC, DONG_CO, GIA_NIEM_YET, DAM_PHAN)
    VALUES ('BYD04', 'BYD', 'Seal 2024', 'Performance', 'Xe cỡ trung hạng D', '5', 1359000000, '');
    
INSERT INTO XE (MA_XE, MA_HANG_XE, DONG_XE, PHIEN_BAN, PHAN_KHUC, DONG_CO, GIA_NIEM_YET, DAM_PHAN)
    VALUES ('BYD05', 'BYD', 'Dolphin 2024', 'GLX', 'Xe nhỏ hạng B', '5', 659000000, '');

--5 SUZ
INSERT INTO XE(MA_XE, MA_HANG_XE, DONG_XE, PHIEN_BAN, PHAN_KHUC, DONG_CO, GIA_NIEM_YET, DAM_PHAN) 
    VALUES ('SUZ1', 'SUZ', 'Swift 2021', 'GLX', 'Xe nhỏ hạng B', 'Xăng 1.2L', 560000000, 'Hỗ trợ gói 2 năm BHVC trị giá 15 triệu đồng');

INSERT INTO XE(MA_XE, MA_HANG_XE, DONG_XE, PHIEN_BAN, PHAN_KHUC, DONG_CO, GIA_NIEM_YET, DAM_PHAN) 
    VALUES ('SUZ2', 'SUZ', 'Ciaz 2021', '1.4 AT', 'Xe nhỏ hạng B', 'K14B', 535000000, '');

INSERT INTO XE(MA_XE, MA_HANG_XE, DONG_XE, PHIEN_BAN, PHAN_KHUC, DONG_CO, GIA_NIEM_YET, DAM_PHAN) 
    VALUES ('SUZ3', 'SUZ', 'Ertiga 2021', 'MT', 'MPV cỡ nhỏ', 'K15B', 500000000, 'Hỗ trợ 100% lệ phí trước bạ trị giá 50 triệu với bản MT');

INSERT INTO XE(MA_XE, MA_HANG_XE, DONG_XE, PHIEN_BAN, PHAN_KHUC, DONG_CO, GIA_NIEM_YET, DAM_PHAN) 
    VALUES ('SUZ4', 'SUZ', 'Ertiga 2021', 'AT', 'MPV cỡ nhỏ', 'K15B', 569000000, 'Hỗ trợ 100% lệ phí trước bạ trị giá 56 triệu với bản AT');

INSERT INTO XE(MA_XE, MA_HANG_XE, DONG_XE, PHIEN_BAN, PHAN_KHUC, DONG_CO, GIA_NIEM_YET, DAM_PHAN) 
    VALUES ('SUZ5', 'SUZ', 'XL7 2021', 'GLX AT', 'MPV cỡ nhỏ', 'Xăng 1.5', 590000000, 'VIN 2021: Hỗ trợ 50% lệ phí trước bạ và gói BHVC 2 năm');

--6 JAG
INSERT INTO XE (MA_XE, MA_HANG_XE, DONG_XE, PHIEN_BAN, PHAN_KHUC, DONG_CO, GIA_NIEM_YET, DAM_PHAN)
    VALUES ('JAG01', 'JAG', 'XE 2021', 'S', 'Xe sang cỡ nhỏ', '2.0 I4 tăng áp Igenium', 3649000000, '');

INSERT INTO XE (MA_XE, MA_HANG_XE, DONG_XE, PHIEN_BAN, PHAN_KHUC, DONG_CO, GIA_NIEM_YET, DAM_PHAN)
    VALUES ('JAG02', 'JAG', 'XF 2021', 'R-Dynamic SE', 'Xe sang cỡ trung', '2.0 I4 tăng áp Igenium', 3119000000, '');

INSERT INTO XE (MA_XE, MA_HANG_XE, DONG_XE, PHIEN_BAN, PHAN_KHUC, DONG_CO, GIA_NIEM_YET, DAM_PHAN)
    VALUES ('JAG03', 'JAG', 'F-Pace 2021', 'S', 'Xe sang cỡ trung', '2.0 I4 tăng áp Igenium', 3649000000, '');

INSERT INTO XE (MA_XE, MA_HANG_XE, DONG_XE, PHIEN_BAN, PHAN_KHUC, DONG_CO, GIA_NIEM_YET, DAM_PHAN)
    VALUES ('JAG04', 'JAG', 'E-Pace 2021', 'E-Pace S', 'Xe sang cỡ nhỏ', '2.0 I4 tăng áp Igenium', 3000000000, '');

INSERT INTO XE (MA_XE, MA_HANG_XE, DONG_XE, PHIEN_BAN, PHAN_KHUC, DONG_CO, GIA_NIEM_YET, DAM_PHAN)
    VALUES ('JAG05', 'JAG', 'F-Type 2021', 'Coupe 2.0', 'Siêu xe/Xe thể thao', '2.0 4 xi-lanh tăng áp', 5650000000, '');

INSERT INTO XE (MA_XE, MA_HANG_XE, DONG_XE, PHIEN_BAN, PHAN_KHUC, DONG_CO, GIA_NIEM_YET, DAM_PHAN)
    VALUES ('JAG06', 'JAG', 'F-Type 2021', 'Convertible 2.0', 'Siêu xe/Xe thể thao', '2.0 4 xi-lanh tăng áp', 6195000000, '');

--7 BEN
INSERT INTO XE (MA_XE, MA_HANG_XE, DONG_XE, PHIEN_BAN, PHAN_KHUC, DONG_CO, GIA_NIEM_YET, DAM_PHAN)
    VALUES ('BEN01', 'BEN', 'Flying Spur 2021', 'V8', 'Siêu sang cỡ lớn', '4.0 Twin-turbocharged V8 TSI', 19500000000, '');

INSERT INTO XE (MA_XE, MA_HANG_XE, DONG_XE, PHIEN_BAN, PHAN_KHUC, DONG_CO, GIA_NIEM_YET, DAM_PHAN)
    VALUES ('BEN02', 'BEN', 'Bentayga 2021', 'Bentayga V8', 'Siêu sang cỡ lớn', 'V8', 19500000000, '');

INSERT INTO XE (MA_XE, MA_HANG_XE, DONG_XE, PHIEN_BAN, PHAN_KHUC, DONG_CO, GIA_NIEM_YET, DAM_PHAN)
    VALUES ('BEN03', 'BEN', 'Continental 2021', 'GT V8', 'Siêu sang cỡ lớn', '4.0 V8', 18000000000, '');

INSERT INTO XE (MA_XE, MA_HANG_XE, DONG_XE, PHIEN_BAN, PHAN_KHUC, DONG_CO, GIA_NIEM_YET, DAM_PHAN)
    VALUES ('BEN04', 'BEN', 'Continental 2023', 'GT S', 'Siêu sang cỡ lớn', '4.0 V8', 19548000000, '');

INSERT INTO XE (MA_XE, MA_HANG_XE, DONG_XE, PHIEN_BAN, PHAN_KHUC, DONG_CO, GIA_NIEM_YET, DAM_PHAN)
    VALUES ('BEN05', 'BEN', 'Continental 2023', 'GT Azure', 'Siêu sang cỡ lớn', '4.0 V8 Twin Turbo', 22000000000, '');

--8 VIN
INSERT INTO XE (MA_XE, MA_HANG_XE, DONG_XE, PHIEN_BAN, PHAN_KHUC, DONG_CO, GIA_NIEM_YET, DAM_PHAN)
    VALUES ('VIN01', 'VIN', 'VF 8 2022', 'VF8 Eco', 'Xe cỡ trung hạng D', 'Môtơ điện', 1157000000, 'Voucher 150 triệu, gói tuỳ chọn dịch vụ thông minh và hệ thống hỗ trợ lái nâng cao VinFast Smart Driving');

INSERT INTO XE (MA_XE, MA_HANG_XE, DONG_XE, PHIEN_BAN, PHAN_KHUC, DONG_CO, GIA_NIEM_YET, DAM_PHAN)
    VALUES ('VIN02', 'VIN', 'VF 8 2022', 'VF8 Plus', 'Xe cỡ trung hạng D', 'Môtơ điện', 1346000000, 'Voucher 150 triệu, gói tuỳ chọn dịch vụ thông minh và hệ thống hỗ trợ lái nâng cao VinFast Smart Driving');

INSERT INTO XE (MA_XE, MA_HANG_XE, DONG_XE, PHIEN_BAN, PHAN_KHUC, DONG_CO, GIA_NIEM_YET, DAM_PHAN)
    VALUES ('VIN03', 'VIN', 'VF 5 2022', 'Plus', 'Xe nhỏ cỡ A+/B-', 'Động cơ điện', 458000000, '');

INSERT INTO XE (MA_XE, MA_HANG_XE, DONG_XE, PHIEN_BAN, PHAN_KHUC, DONG_CO, GIA_NIEM_YET, DAM_PHAN)
    VALUES ('VIN04', 'VIN', 'VF 9 2023', 'Eco', 'Xe cỡ trung hạng E', 'Môtơ điện', 1566000000, 'Voucher 150 triệu, gói tuỳ chọn dịch vụ thông minh và hệ thống hỗ trợ lái nâng cao VinFast Smart Driving');

INSERT INTO XE (MA_XE, MA_HANG_XE, DONG_XE, PHIEN_BAN, PHAN_KHUC, DONG_CO, GIA_NIEM_YET, DAM_PHAN)
    VALUES ('VIN05', 'VIN', 'VF 9 2023', 'Plus', 'Xe cỡ trung hạng E', 'Môtơ điện', 1789000000, 'Voucher 150 triệu, gói tuỳ chọn dịch vụ thông minh và hệ thống hỗ trợ lái nâng cao VinFast Smart Driving');

--9 MER
INSERT INTO XE (MA_XE, MA_HANG_XE, DONG_XE, PHIEN_BAN, PHAN_KHUC, DONG_CO, GIA_NIEM_YET, DAM_PHAN)
    VALUES ('MER01', 'MER', 'EQS SUV 2023', '500', 'Xe sang cỡ nhỏ', 'Điện', 4999000000, '');

INSERT INTO XE (MA_XE, MA_HANG_XE, DONG_XE, PHIEN_BAN, PHAN_KHUC, DONG_CO, GIA_NIEM_YET, DAM_PHAN)
    VALUES ('MER02', 'MER', 'EQB', '250', 'Xe sang cỡ nhỏ', 'Điện', 2289000000, '');

INSERT INTO XE (MA_XE, MA_HANG_XE, DONG_XE, PHIEN_BAN, PHAN_KHUC, DONG_CO, GIA_NIEM_YET, DAM_PHAN)
    VALUES ('MER03', 'MER', 'EQE SUV 2023', '500', 'Xe sang cỡ trung', '2 động cơ điện ở phía trước và sau', 3999000000, '');

INSERT INTO XE (MA_XE, MA_HANG_XE, DONG_XE, PHIEN_BAN, PHAN_KHUC, DONG_CO, GIA_NIEM_YET, DAM_PHAN)
    VALUES ('MER04', 'MER', 'AMG SL 2024', 'SL 43', 'Siêu xe/Xe thể thao', 'I4 Turbo', 6959000000, '');

INSERT INTO XE (MA_XE, MA_HANG_XE, DONG_XE, PHIEN_BAN, PHAN_KHUC, DONG_CO, GIA_NIEM_YET, DAM_PHAN)
    VALUES ('MER05', 'MER', 'AMG SL 2024', 'SL 63 S E Performance', 'Siêu xe/Xe thể thao', 'V8 Biturbo', 12290000000, '');

INSERT INTO XE (MA_XE, MA_HANG_XE, DONG_XE, PHIEN_BAN, PHAN_KHUC, DONG_CO, GIA_NIEM_YET, DAM_PHAN)
    VALUES ('MER06', 'MER', 'Maybach EQS SUV 2024', '680', 'Xe sang cỡ trung', 'Hai môtơ điện', 7610000000, '');

--10 HOQ
INSERT INTO XE (MA_XE, MA_HANG_XE, DONG_XE, PHIEN_BAN, PHAN_KHUC, DONG_CO, GIA_NIEM_YET, DAM_PHAN)
    VALUES ('HOQ01', 'HOQ', 'E-HS9 2022', 'Deluxe (7 chỗ)', 'Xe sang cỡ lớn', 'Hai môtơ điện', 2968000000, '');

INSERT INTO XE (MA_XE, MA_HANG_XE, DONG_XE, PHIEN_BAN, PHAN_KHUC, DONG_CO, GIA_NIEM_YET, DAM_PHAN)
    VALUES ('HOQ02', 'HOQ', 'E-HS9 2022', 'Premium (6 chỗ)', 'Xe sang cỡ lớn', 'Hai động cơ điện', 3339000000, '');

INSERT INTO XE (MA_XE, MA_HANG_XE, DONG_XE, PHIEN_BAN, PHAN_KHUC, DONG_CO, GIA_NIEM_YET, DAM_PHAN)
    VALUES ('HOQ03', 'HOQ', 'E-HS9 2022', 'Flagship (4 chỗ)', 'Xe sang cỡ lớn', 'Hai môtơ điện', 3688000000, '');

INSERT INTO XE (MA_XE, MA_HANG_XE, DONG_XE, PHIEN_BAN, PHAN_KHUC, DONG_CO, GIA_NIEM_YET, DAM_PHAN)
    VALUES ('HOQ04', 'HOQ', 'H9 2022', '2.0 Elegance', 'Xe sang cỡ lớn', '2.0 Tăng áp', 1508000000, '');

INSERT INTO XE (MA_XE, MA_HANG_XE, DONG_XE, PHIEN_BAN, PHAN_KHUC, DONG_CO, GIA_NIEM_YET, DAM_PHAN)
    VALUES ('HOQ05', 'HOQ', 'H9 2022', '2.0 Luxury', 'Xe sang cỡ lớn', '2.0 Tăng áp', 1668000000, '');

--11 MAS
INSERT INTO XE (MA_XE, MA_HANG_XE, DONG_XE, PHIEN_BAN, PHAN_KHUC, DONG_CO, GIA_NIEM_YET, DAM_PHAN)
    VALUES ('MAS01', 'MAS', 'Ghibli 2021', 'GranSport GH350RS21', 'Xe sang cỡ trung', '3.0L V6', 6112000000, '');

INSERT INTO XE (MA_XE, MA_HANG_XE, DONG_XE, PHIEN_BAN, PHAN_KHUC, DONG_CO, GIA_NIEM_YET, DAM_PHAN)
    VALUES ('MAS02', 'MAS', 'Ghibli 2021', 'Trofeo GH580RS21', 'Xe sang cỡ trung', '3.8L V8', 11904000000, '');

INSERT INTO XE (MA_XE, MA_HANG_XE, DONG_XE, PHIEN_BAN, PHAN_KHUC, DONG_CO, GIA_NIEM_YET, DAM_PHAN)
    VALUES ('MAS03', 'MAS', 'Quattroporte 2021', 'QP350RL 21', 'Xe sang cỡ lớn', '3.0L V6', 6972000000, '');

INSERT INTO XE (MA_XE, MA_HANG_XE, DONG_XE, PHIEN_BAN, PHAN_KHUC, DONG_CO, GIA_NIEM_YET, DAM_PHAN)
    VALUES ('MAS04', 'MAS', 'Grecale 2023', 'GT', 'Xe sang cỡ nhỏ', 'Mild hybrid 2.0L i4 + 48 VL4', 4200000000, '');

INSERT INTO XE (MA_XE, MA_HANG_XE, DONG_XE, PHIEN_BAN, PHAN_KHUC, DONG_CO, GIA_NIEM_YET, DAM_PHAN)
    VALUES ('MAS05', 'MAS', 'Grecale 2023', 'Modena', 'Xe sang cỡ nhỏ', 'Mild hybrid 2.0L i4 + 48 VL4', 5068000000, '');

--12 AUD
INSERT INTO XE (MA_XE, MA_HANG_XE, DONG_XE, PHIEN_BAN, PHAN_KHUC, DONG_CO, GIA_NIEM_YET, DAM_PHAN)
    VALUES ('AUD01', 'AUD', 'Q7 2024', '45 TFSI quattro Basic', 'Xe sang cỡ trung', 'TFSI 2.0', 3590000000, '');

INSERT INTO XE (MA_XE, MA_HANG_XE, DONG_XE, PHIEN_BAN, PHAN_KHUC, DONG_CO, GIA_NIEM_YET, DAM_PHAN)
    VALUES ('AUD02', 'AUD', 'Q7 2024', '45 TFSI quattro S Line', 'Xe sang cỡ trung', 'TFSI 2.0', 3850000000, '');

INSERT INTO XE (MA_XE, MA_HANG_XE, DONG_XE, PHIEN_BAN, PHAN_KHUC, DONG_CO, GIA_NIEM_YET, DAM_PHAN)
    VALUES ('AUD03', 'AUD', 'Q3 2024', 'Advanced Black Edition (35 TFSI)', 'Xe sang cỡ nhỏ', 'TFSI 1.4', 1890000000, '');

INSERT INTO XE (MA_XE, MA_HANG_XE, DONG_XE, PHIEN_BAN, PHAN_KHUC, DONG_CO, GIA_NIEM_YET, DAM_PHAN)
    VALUES ('AUD04', 'AUD', 'A4 2024', '40 TFSI Advanced Plus', 'Xe sang cỡ nhỏ', 'TFSI 2.0 Mild-hybrid 12V', 1790000000, '');

INSERT INTO XE (MA_XE, MA_HANG_XE, DONG_XE, PHIEN_BAN, PHAN_KHUC, DONG_CO, GIA_NIEM_YET, DAM_PHAN)
    VALUES ('AUD05', 'AUD', 'A6 2022', '45 TFSI', 'Xe sang cỡ trung', 'TFSI 2.0 Mild-hybrid 12V', 2080000000, 'Khuyến Mại');

--13 NIS
INSERT INTO XE (MA_XE, MA_HANG_XE, DONG_XE, PHIEN_BAN, PHAN_KHUC, DONG_CO, GIA_NIEM_YET, DAM_PHAN)
    VALUES ('NIS01', 'NIS', 'Navara 2021', '2WD Tiêu chuẩn', 'Bán tải cỡ trung', 'YD25 DDTi', 748000000, 'Tặng tiền mặt 10-40 triệu đồng cho tùy ...');

INSERT INTO XE (MA_XE, MA_HANG_XE, DONG_XE, PHIEN_BAN, PHAN_KHUC, DONG_CO, GIA_NIEM_YET, DAM_PHAN)
    VALUES ('NIS02', 'NIS', 'Navara 2021', '2WD Cao cấp', 'Bán tải cỡ trung', 'YD25 DDTi', 845000000, 'Tặng tiền mặt 10-40 triệu đồng cho tùy ...');

INSERT INTO XE (MA_XE, MA_HANG_XE, DONG_XE, PHIEN_BAN, PHAN_KHUC, DONG_CO, GIA_NIEM_YET, DAM_PHAN)
    VALUES ('NIS03', 'NIS', 'Navara 2021', '4WD Cao cấp', 'Bán tải cỡ trung', 'YD25 DDTi', 895000000, 'Tặng tiền mặt 10-40 triệu đồng cho tùy ...');

INSERT INTO XE (MA_XE, MA_HANG_XE, DONG_XE, PHIEN_BAN, PHAN_KHUC, DONG_CO, GIA_NIEM_YET, DAM_PHAN)
    VALUES ('NIS04', 'NIS', 'Navara 2021', 'PRO4X', 'Bán tải cỡ trung', 'YD25 DDTi', 945000000, 'Tặng tiền mặt 10-40 triệu đồng cho tùy ...');

INSERT INTO XE (MA_XE, MA_HANG_XE, DONG_XE, PHIEN_BAN, PHAN_KHUC, DONG_CO, GIA_NIEM_YET, DAM_PHAN)
    VALUES ('NIS05', 'NIS', 'Almera 2021', 'E', 'Xe nhỏ hạng B', 'HRA0, DOHC, 12 van với Turbo', 469000000, 'Tặng tiền mặt 10-30 triệu đồng cho tùy ...');

--14 FOR
INSERT INTO XE (MA_XE, MA_HANG_XE, DONG_XE, PHIEN_BAN, PHAN_KHUC, DONG_CO, GIA_NIEM_YET, DAM_PHAN)
    VALUES ('FOR1', 'FOR', 'EcoSport 2021', '1.5 AT Trend', 'Xe nhỏ hạng B', '3 xi-lanh thẳng hàng, Duratec Ti-VCT', 603000000, 'Khuyến mại tiền mặt từ 20-40 triệu đồng cho tùy từng phiên bản.');

INSERT INTO XE (MA_XE, MA_HANG_XE, DONG_XE, PHIEN_BAN, PHAN_KHUC, DONG_CO, GIA_NIEM_YET, DAM_PHAN)
    VALUES ('FOR2', 'FOR', 'EcoSport 2021', '1.5 AT Titanium', 'Xe nhỏ hạng B', '3 xi-lanh thẳng hàng, Duratec Ti-VCT', 646000000, 'Khuyến mại tiền mặt từ 20-40 triệu đồng cho tùy từng phiên bản.');

INSERT INTO XE (MA_XE, MA_HANG_XE, DONG_XE, PHIEN_BAN, PHAN_KHUC, DONG_CO, GIA_NIEM_YET, DAM_PHAN)
    VALUES ('FOR3', 'FOR', 'EcoSport 2021', '1.0 AT Titanium', 'Xe nhỏ hạng B', '3 xi-lanh thẳng hàng, Ecoboost', 686000000, 'Khuyến mại tiền mặt từ 20-40 triệu đồng cho tùy từng phiên bản.');

INSERT INTO XE (MA_XE, MA_HANG_XE, DONG_XE, PHIEN_BAN, PHAN_KHUC, DONG_CO, GIA_NIEM_YET, DAM_PHAN)
    VALUES ('FOR4', 'FOR', 'Everest 2021', '4x2 2.0 Sport', 'Xe cỡ trung hạng D', 'i4 TDCi, trục cam kép', 1124000000, 'Các phiên bản đang được giảm tiền mặt từ 20-30 triệu đồng, tùy phiên bản.');

INSERT INTO XE (MA_XE, MA_HANG_XE, DONG_XE, PHIEN_BAN, PHAN_KHUC, DONG_CO, GIA_NIEM_YET, DAM_PHAN)
    VALUES ('FOR5', 'FOR', 'Everest 2021', '4x2 2.0 Titanium', 'Xe cỡ trung hạng D', 'i4 TDCi, trục cam kép', 1193000000, 'Các phiên bản đang được giảm tiền mặt từ 20-30 triệu đồng, tùy phiên bản.');

--15 TOY
INSERT INTO XE (MA_XE, MA_HANG_XE, DONG_XE, PHIEN_BAN, PHAN_KHUC, DONG_CO, GIA_NIEM_YET, DAM_PHAN)
    VALUES ('TOY1', 'TOY', 'Camry 2022', '2.5Q', 'Xe cỡ trung hạng D', '2AR-FE, 2.5l', 1370000000, 'Đang được khuyến mãi tiền mặt 25-45 triệu');

INSERT INTO XE (MA_XE, MA_HANG_XE, DONG_XE, PHIEN_BAN, PHAN_KHUC, DONG_CO, GIA_NIEM_YET, DAM_PHAN)
    VALUES ('TOY2', 'TOY', 'Camry 2022', '2.5HV', 'Xe cỡ trung hạng D', '2AR-FE, 2.5l', 1460000000, 'Đang được khuyến mãi tiền mặt 25-45 triệu');

INSERT INTO XE (MA_XE, MA_HANG_XE, DONG_XE, PHIEN_BAN, PHAN_KHUC, DONG_CO, GIA_NIEM_YET, DAM_PHAN)
    VALUES ('TOY3', 'TOY', 'Rush 2021', 'S 1.5AT', 'MPV cỡ nhỏ', '2NR-VE', 634000000, 'Tặng thêm 10-30 triệu phụ kiện.');

INSERT INTO XE (MA_XE, MA_HANG_XE, DONG_XE, PHIEN_BAN, PHAN_KHUC, DONG_CO, GIA_NIEM_YET, DAM_PHAN)
    VALUES ('TOY4', 'TOY', 'Avanza 2021', 'MT', 'MPV cỡ nhỏ', '1NR-VE (1.3L)', 544000000, '');

INSERT INTO XE (MA_XE, MA_HANG_XE, DONG_XE, PHIEN_BAN, PHAN_KHUC, DONG_CO, GIA_NIEM_YET, DAM_PHAN)
    VALUES ('TOY5', 'TOY', 'Avanza 2021', 'AT', 'MPV cỡ nhỏ', '2NR-VE (1.5L)', 612000000, '');

INSERT INTO XE (MA_XE, MA_HANG_XE, DONG_XE, PHIEN_BAN, PHAN_KHUC, DONG_CO, GIA_NIEM_YET, DAM_PHAN)
    VALUES ('TOY6', 'TOY', 'Innova 2021', '2.0E', 'MPV cỡ trung', '1TR-FE', 755000000, 'Tặng thêm 10-30 triệu tiền mặt hoặc bảo hiểm vật chất một năm.');

--16 JEP
INSERT INTO XE (MA_XE, MA_HANG_XE, DONG_XE, PHIEN_BAN, PHAN_KHUC, DONG_CO, GIA_NIEM_YET, DAM_PHAN)
    VALUES ('JEP1', 'JEP', 'Gladiator 2021', 'Rubicon', 'Bán tải cỡ lớn', 'V6 Pentastar', 4046000000, '');

INSERT INTO XE (MA_XE, MA_HANG_XE, DONG_XE, PHIEN_BAN, PHAN_KHUC, DONG_CO, GIA_NIEM_YET, DAM_PHAN)
    VALUES ('JEP2', 'JEP', 'Gladiator 2023', 'Rubicon', 'Bán tải cỡ lớn', 'V6 Pentastar', 4088000000, '');

INSERT INTO XE (MA_XE, MA_HANG_XE, DONG_XE, PHIEN_BAN, PHAN_KHUC, DONG_CO, GIA_NIEM_YET, DAM_PHAN)
    VALUES ('JEP3', 'JEP', 'Wrangler 2023', 'Willys/Islander', 'Xe cỡ trung hạng D', 'Turbo', 3766000000, '');

INSERT INTO XE (MA_XE, MA_HANG_XE, DONG_XE, PHIEN_BAN, PHAN_KHUC, DONG_CO, GIA_NIEM_YET, DAM_PHAN)
    VALUES ('JEP4', 'JEP', 'Wrangler 2023', 'Sahara', 'Xe cỡ trung hạng D', '2.0 Turbo', 3868000000, '');

INSERT INTO XE (MA_XE, MA_HANG_XE, DONG_XE, PHIEN_BAN, PHAN_KHUC, DONG_CO, GIA_NIEM_YET, DAM_PHAN)
    VALUES ('JEP5', 'JEP', 'Grand Cherokee L 2023', 'Limited', 'Xe cỡ trung hạng E', 'V6 Pentastar', 6380000000, '');

INSERT INTO XE (MA_XE, MA_HANG_XE, DONG_XE, PHIEN_BAN, PHAN_KHUC, DONG_CO, GIA_NIEM_YET, DAM_PHAN)
    VALUES ('JEP6', 'JEP', 'Grand Cherokee L 2023', 'Summit Reserved', 'Xe cỡ trung hạng E', 'V6 Pentastar', 6888000000, '');
    
--17 MAD
INSERT INTO XE (MA_XE, MA_HANG_XE, DONG_XE, PHIEN_BAN, PHAN_KHUC, DONG_CO, GIA_NIEM_YET, DAM_PHAN)
    VALUES ('MAD1', 'MAD', 'CX-30 2021', '2.0 Premium', 'Xe nhỏ hạng B+/C-', 'Skyactiv-G 2.0', 749000000, 'Tặng tiền mặt 35-45 triệu đồng tùy từng phiên bản');

INSERT INTO XE (MA_XE, MA_HANG_XE, DONG_XE, PHIEN_BAN, PHAN_KHUC, DONG_CO, GIA_NIEM_YET, DAM_PHAN)
    VALUES ('MAD2', 'MAD', 'CX-5 2021', '2.0 Deluxe', 'Xe cỡ vừa hạng C', 'Skactiv-G 2.0', 839000000, 'Tặng 20-55 triệu đồng cho tùy từng phiên bản');

INSERT INTO XE (MA_XE, MA_HANG_XE, DONG_XE, PHIEN_BAN, PHAN_KHUC, DONG_CO, GIA_NIEM_YET, DAM_PHAN)
    VALUES ('MAD3', 'MAD', 'Mazda3 2021', '1.5 Signature', 'Xe cỡ vừa hạng C', 'Skactiv-G 1.5', 739000000, 'Tặng tiền mặt từ 10-30 triệu đồng tùy từng phiên bản');

INSERT INTO XE (MA_XE, MA_HANG_XE, DONG_XE, PHIEN_BAN, PHAN_KHUC, DONG_CO, GIA_NIEM_YET, DAM_PHAN)
    VALUES ('MAD4', 'MAD', 'CX-8 2022', '2.5 Premium AWD (6S)', 'Xe cỡ trung hạng D', 'Skactiv-G 2.5', 1129000000, 'Tặng tiền mặt 50-80 triệu đồng tùy từng phiên bản');

INSERT INTO XE (MA_XE, MA_HANG_XE, DONG_XE, PHIEN_BAN, PHAN_KHUC, DONG_CO, GIA_NIEM_YET, DAM_PHAN)
    VALUES ('MAD5', 'MAD', 'Mazda6 2021', '2.0 Luxury', 'Xe cỡ trung hạng D', 'SkyActiv-G 2.0', 769000000, 'Tặng tiền mặt 20-50 triệu đồng tùy từng phiên bản');

--18 LEX
INSERT INTO XE (MA_XE, MA_HANG_XE, DONG_XE, PHIEN_BAN, PHAN_KHUC, DONG_CO, GIA_NIEM_YET, DAM_PHAN)
    VALUES ('LEX1', 'LEX', 'RX 2023', '500h F Sport Performance', 'Xe sang cỡ trung', 'I4 2.4 Turbo Hybrid', 4940000000, '');

INSERT INTO XE (MA_XE, MA_HANG_XE, DONG_XE, PHIEN_BAN, PHAN_KHUC, DONG_CO, GIA_NIEM_YET, DAM_PHAN)
    VALUES ('LEX2', 'LEX', 'LM 2024', '500h 6 chỗ', 'MPV hạng sang', 'Hybrid T24A-FTS', 7290000000, '');

INSERT INTO XE (MA_XE, MA_HANG_XE, DONG_XE, PHIEN_BAN, PHAN_KHUC, DONG_CO, GIA_NIEM_YET, DAM_PHAN)
    VALUES ('LEX3', 'LEX', 'LM 2024', '500h 4 chỗ', 'MPV hạng sang', 'Hybrid T24A-FTS', 8710000000, '');

INSERT INTO XE (MA_XE, MA_HANG_XE, DONG_XE, PHIEN_BAN, PHAN_KHUC, DONG_CO, GIA_NIEM_YET, DAM_PHAN)
    VALUES ('LEX4', 'LEX', 'GX 2024', 'GX 550', 'Xe sang cỡ trung', 'V6 Twin-Turbo', 6200000000, '');

INSERT INTO XE (MA_XE, MA_HANG_XE, DONG_XE, PHIEN_BAN, PHAN_KHUC, DONG_CO, GIA_NIEM_YET, DAM_PHAN)
    VALUES ('LEX5', 'LEX', 'LX 2022', '600 VIP', 'Xe sang cỡ lớn', 'Twin-Turbo V6', 9610000000, '');
    
--19 BMW
INSERT INTO XE (MA_XE, MA_HANG_XE, DONG_XE, PHIEN_BAN, PHAN_KHUC, DONG_CO, GIA_NIEM_YET, DAM_PHAN)
    VALUES ('BMW1', 'BMW', 'Series 5 2021', '530i M Sport', 'Xe sang cỡ trung', 'B48, Xăng, I4, 2.0 TwinPower Turbo.', 3289000000, 'Tặng bảo hiểm vật chất hoặc thẻ bảo ...');

INSERT INTO XE (MA_XE, MA_HANG_XE, DONG_XE, PHIEN_BAN, PHAN_KHUC, DONG_CO, GIA_NIEM_YET, DAM_PHAN)
    VALUES ('BMW2', 'BMW', 'Series 7 2021', '730Li M Sport', 'Xe sang cỡ lớn', 'B48, 2.0 I4-TwinPower Turbo', 4369000000, 'Tặng 50 hoặc 100% lệ phí trước bạ, ...');

INSERT INTO XE (MA_XE, MA_HANG_XE, DONG_XE, PHIEN_BAN, PHAN_KHUC, DONG_CO, GIA_NIEM_YET, DAM_PHAN)
    VALUES ('BMW3', 'BMW', 'Series 7 2021', '730Li Pure Excellence', 'Xe sang cỡ lớn', 'B48, 2.0 I4-TwinPower Turbo', 4999000000, 'Tặng 50 hoặc 100% lệ phí trước bạ, ...');

INSERT INTO XE (MA_XE, MA_HANG_XE, DONG_XE, PHIEN_BAN, PHAN_KHUC, DONG_CO, GIA_NIEM_YET, DAM_PHAN)
    VALUES ('BMW4', 'BMW', 'i7 2023', 'xDrive60 Pure Excellence', 'Xe sang cỡ lớn', 'Điện', 7199000000, '');

INSERT INTO XE (MA_XE, MA_HANG_XE, DONG_XE, PHIEN_BAN, PHAN_KHUC, DONG_CO, GIA_NIEM_YET, DAM_PHAN)
    VALUES ('BMW5', 'BMW', 'X7 2023', 'xDrive40i M Sport', 'Xe sang cỡ lớn', '-hybrid Xăng, I6, 3.0 TwinPower Turbo', 6299000000, '');

--20 POR
INSERT INTO XE (MA_XE, MA_HANG_XE, DONG_XE, PHIEN_BAN, PHAN_KHUC, DONG_CO, GIA_NIEM_YET, DAM_PHAN)
    VALUES ('POR1', 'POR', '911 2023', 'Turbo S', 'Siêu xe/Xe thể thao', 'Boxer H-6, twin-turbo', 16500000000, '');

INSERT INTO XE (MA_XE, MA_HANG_XE, DONG_XE, PHIEN_BAN, PHAN_KHUC, DONG_CO, GIA_NIEM_YET, DAM_PHAN)
    VALUES ('POR2', 'POR', '911 2023', 'Turbo S Cabriolet', 'Siêu xe/Xe thể thao', 'Boxer H-6, twin-turbo', 17380000000, '');

INSERT INTO XE (MA_XE, MA_HANG_XE, DONG_XE, PHIEN_BAN, PHAN_KHUC, DONG_CO, GIA_NIEM_YET, DAM_PHAN)
    VALUES ('POR3', 'POR', 'Panamera 2024', 'Panamera', 'Xe sang cỡ lớn', 'V6, twin-turbo', 6420000000, '');

INSERT INTO XE (MA_XE, MA_HANG_XE, DONG_XE, PHIEN_BAN, PHAN_KHUC, DONG_CO, GIA_NIEM_YET, DAM_PHAN)
    VALUES ('POR4', 'POR', 'Macan 2022', 'GTS', 'Xe sang cỡ nhỏ', 'V6 twin-turbo', 5350000000, '');

INSERT INTO XE (MA_XE, MA_HANG_XE, DONG_XE, PHIEN_BAN, PHAN_KHUC, DONG_CO, GIA_NIEM_YET, DAM_PHAN)
    VALUES ('POR5', 'POR', 'Cayenne 2023', 'Tiêu chuẩn', 'Xe sang cỡ trung', '3.0 V6', 5560000000, '');

--21 AST
INSERT INTO XE (MA_XE, MA_HANG_XE, DONG_XE, PHIEN_BAN, PHAN_KHUC, DONG_CO, GIA_NIEM_YET, DAM_PHAN)
    VALUES ('AST1', 'AST', 'DBX 2021', 'V8', 'Siêu xe/Xe thể thao', '4.0 V8', 13799000000, '');

INSERT INTO XE (MA_XE, MA_HANG_XE, DONG_XE, PHIEN_BAN, PHAN_KHUC, DONG_CO, GIA_NIEM_YET, DAM_PHAN)
    VALUES ('AST2', 'AST', 'DBX 2023', 'V8', 'Siêu xe/Xe thể thao', '4.0 V8', 16400000000, '');

INSERT INTO XE (MA_XE, MA_HANG_XE, DONG_XE, PHIEN_BAN, PHAN_KHUC, DONG_CO, GIA_NIEM_YET, DAM_PHAN)
    VALUES ('AST3', 'AST', 'DBX 2023', '707', 'Siêu xe/Xe thể thao', '4.0 V8 Twin Turbo', 21300000000, '');



--NHAP THONG TIN BANG GIA_LAN_BANH
INSERT INTO GIA_LAN_BANH (MA_TINH, TEN_TINH, PHI_TRUOC_BA, PHI_SD_DUONG_BO, BAO_HIEM_TNDS, PHI_DK_BIEN_SO, PHI_DANG_KIEM)
    VALUES (1, 'An Giang', 0.10, 156000, 437000, 1000000, 340000);

INSERT INTO GIA_LAN_BANH (MA_TINH, TEN_TINH, PHI_TRUOC_BA, PHI_SD_DUONG_BO, BAO_HIEM_TNDS, PHI_DK_BIEN_SO, PHI_DANG_KIEM)
    VALUES (2, 'Bà Rịa - Vũng Tàu', 0.10, 156000, 437000, 1000000, 340000);

INSERT INTO GIA_LAN_BANH (MA_TINH, TEN_TINH, PHI_TRUOC_BA, PHI_SD_DUONG_BO, BAO_HIEM_TNDS, PHI_DK_BIEN_SO, PHI_DANG_KIEM)
    VALUES (3, 'Bình Dương', 0.10, 156000, 437000, 1000000, 340000);

INSERT INTO GIA_LAN_BANH (MA_TINH, TEN_TINH, PHI_TRUOC_BA, PHI_SD_DUONG_BO, BAO_HIEM_TNDS, PHI_DK_BIEN_SO, PHI_DANG_KIEM)
    VALUES (4, 'Bình Phước', 0.10, 156000, 437000, 1000000, 340000);

INSERT INTO GIA_LAN_BANH (MA_TINH, TEN_TINH, PHI_TRUOC_BA, PHI_SD_DUONG_BO, BAO_HIEM_TNDS, PHI_DK_BIEN_SO, PHI_DANG_KIEM)
    VALUES (5, 'Bình Thuận', 0.10, 156000, 437000, 1000000, 340000);

INSERT INTO GIA_LAN_BANH (MA_TINH, TEN_TINH, PHI_TRUOC_BA, PHI_SD_DUONG_BO, BAO_HIEM_TNDS, PHI_DK_BIEN_SO, PHI_DANG_KIEM)
    VALUES (6, 'Bình Định', 0.10, 156000, 437000, 1000000, 340000);

INSERT INTO GIA_LAN_BANH (MA_TINH, TEN_TINH, PHI_TRUOC_BA, PHI_SD_DUONG_BO, BAO_HIEM_TNDS, PHI_DK_BIEN_SO, PHI_DANG_KIEM)
    VALUES (7, 'Bạc Liêu', 0.10, 156000, 437000, 1000000, 340000);

INSERT INTO GIA_LAN_BANH (MA_TINH, TEN_TINH, PHI_TRUOC_BA, PHI_SD_DUONG_BO, BAO_HIEM_TNDS, PHI_DK_BIEN_SO, PHI_DANG_KIEM)
    VALUES (8, 'Bắc Giang', 0.10, 156000, 437000, 1000000, 340000);

INSERT INTO GIA_LAN_BANH (MA_TINH, TEN_TINH, PHI_TRUOC_BA, PHI_SD_DUONG_BO, BAO_HIEM_TNDS, PHI_DK_BIEN_SO, PHI_DANG_KIEM)
    VALUES (9, 'Bắc Kạn', 0.10, 156000, 437000, 1000000, 340000);

INSERT INTO GIA_LAN_BANH (MA_TINH, TEN_TINH, PHI_TRUOC_BA, PHI_SD_DUONG_BO, BAO_HIEM_TNDS, PHI_DK_BIEN_SO, PHI_DANG_KIEM)
    VALUES (10, 'Bắc Ninh', 0.10, 156000, 437000, 1000000, 340000);

INSERT INTO GIA_LAN_BANH (MA_TINH, TEN_TINH, PHI_TRUOC_BA, PHI_SD_DUONG_BO, BAO_HIEM_TNDS, PHI_DK_BIEN_SO, PHI_DANG_KIEM)
    VALUES (11, 'Bến Tre', 0.10, 156000, 437000, 1000000, 340000);

INSERT INTO GIA_LAN_BANH (MA_TINH, TEN_TINH, PHI_TRUOC_BA, PHI_SD_DUONG_BO, BAO_HIEM_TNDS, PHI_DK_BIEN_SO, PHI_DANG_KIEM)
    VALUES (12, 'Cao Bằng', 0.10, 156000, 437000, 1000000, 340000);

INSERT INTO GIA_LAN_BANH (MA_TINH, TEN_TINH, PHI_TRUOC_BA, PHI_SD_DUONG_BO, BAO_HIEM_TNDS, PHI_DK_BIEN_SO, PHI_DANG_KIEM)
    VALUES (13, 'Cà Mau', 0.10, 156000, 437000, 1000000, 340000);

INSERT INTO GIA_LAN_BANH (MA_TINH, TEN_TINH, PHI_TRUOC_BA, PHI_SD_DUONG_BO, BAO_HIEM_TNDS, PHI_DK_BIEN_SO, PHI_DANG_KIEM)
    VALUES (14, 'Cần Thơ', 0.10, 156000, 437000, 1000000, 340000);

INSERT INTO GIA_LAN_BANH (MA_TINH, TEN_TINH, PHI_TRUOC_BA, PHI_SD_DUONG_BO, BAO_HIEM_TNDS, PHI_DK_BIEN_SO, PHI_DANG_KIEM)
    VALUES (15, 'Gia Lai', 0.10, 156000, 437000, 1000000, 340000);

INSERT INTO GIA_LAN_BANH (MA_TINH, TEN_TINH, PHI_TRUOC_BA, PHI_SD_DUONG_BO, BAO_HIEM_TNDS, PHI_DK_BIEN_SO, PHI_DANG_KIEM)
    VALUES (16, 'Hòa Bình', 0.10, 156000, 437000, 1000000, 340000);

INSERT INTO GIA_LAN_BANH (MA_TINH, TEN_TINH, PHI_TRUOC_BA, PHI_SD_DUONG_BO, BAO_HIEM_TNDS, PHI_DK_BIEN_SO, PHI_DANG_KIEM)
    VALUES (17, 'Hà Giang', 0.10, 156000, 437000, 1000000, 340000);

INSERT INTO GIA_LAN_BANH (MA_TINH, TEN_TINH, PHI_TRUOC_BA, PHI_SD_DUONG_BO, BAO_HIEM_TNDS, PHI_DK_BIEN_SO, PHI_DANG_KIEM)
    VALUES (18, 'Hà Nam', 0.10, 156000, 437000, 1000000, 340000);

INSERT INTO GIA_LAN_BANH (MA_TINH, TEN_TINH, PHI_TRUOC_BA, PHI_SD_DUONG_BO, BAO_HIEM_TNDS, PHI_DK_BIEN_SO, PHI_DANG_KIEM)
    VALUES (19, 'Hà Nội', 0.12, 156000, 437000, 20000000, 340000);

INSERT INTO GIA_LAN_BANH (MA_TINH, TEN_TINH, PHI_TRUOC_BA, PHI_SD_DUONG_BO, BAO_HIEM_TNDS, PHI_DK_BIEN_SO, PHI_DANG_KIEM)
    VALUES (20, 'Hà Tĩnh', 0.11, 156000, 437000, 1000000, 340000);

INSERT INTO GIA_LAN_BANH (MA_TINH, TEN_TINH, PHI_TRUOC_BA, PHI_SD_DUONG_BO, BAO_HIEM_TNDS, PHI_DK_BIEN_SO, PHI_DANG_KIEM)
    VALUES (21, 'Hưng Yên', 0.10, 156000, 437000, 1000000, 340000);

INSERT INTO GIA_LAN_BANH (MA_TINH, TEN_TINH, PHI_TRUOC_BA, PHI_SD_DUONG_BO, BAO_HIEM_TNDS, PHI_DK_BIEN_SO, PHI_DANG_KIEM)
    VALUES (22, 'Hải Dương', 0.10, 156000, 437000, 1000000, 340000);

INSERT INTO GIA_LAN_BANH (MA_TINH, TEN_TINH, PHI_TRUOC_BA, PHI_SD_DUONG_BO, BAO_HIEM_TNDS, PHI_DK_BIEN_SO, PHI_DANG_KIEM)
    VALUES (23, 'Hải Phòng', 0.10, 156000, 437000, 1000000, 340000);

INSERT INTO GIA_LAN_BANH (MA_TINH, TEN_TINH, PHI_TRUOC_BA, PHI_SD_DUONG_BO, BAO_HIEM_TNDS, PHI_DK_BIEN_SO, PHI_DANG_KIEM)
    VALUES (24, 'Hậu Giang', 0.10, 156000, 437000, 1000000, 340000);

INSERT INTO GIA_LAN_BANH (MA_TINH, TEN_TINH, PHI_TRUOC_BA, PHI_SD_DUONG_BO, BAO_HIEM_TNDS, PHI_DK_BIEN_SO, PHI_DANG_KIEM)
    VALUES (25, 'Khánh Hoà', 0.10, 156000, 437000, 1000000, 340000);

INSERT INTO GIA_LAN_BANH (MA_TINH, TEN_TINH, PHI_TRUOC_BA, PHI_SD_DUONG_BO, BAO_HIEM_TNDS, PHI_DK_BIEN_SO, PHI_DANG_KIEM)
    VALUES (26, 'Kiên Giang', 0.10, 156000, 437000, 1000000, 340000);

INSERT INTO GIA_LAN_BANH (MA_TINH, TEN_TINH, PHI_TRUOC_BA, PHI_SD_DUONG_BO, BAO_HIEM_TNDS, PHI_DK_BIEN_SO, PHI_DANG_KIEM)
    VALUES (27, 'Kon Tum', 0.10, 156000, 437000, 1000000, 340000);

INSERT INTO GIA_LAN_BANH (MA_TINH, TEN_TINH, PHI_TRUOC_BA, PHI_SD_DUONG_BO, BAO_HIEM_TNDS, PHI_DK_BIEN_SO, PHI_DANG_KIEM)
    VALUES (28, 'Lai Châu', 0.10, 156000, 437000, 1000000, 340000);

INSERT INTO GIA_LAN_BANH (MA_TINH, TEN_TINH, PHI_TRUOC_BA, PHI_SD_DUONG_BO, BAO_HIEM_TNDS, PHI_DK_BIEN_SO, PHI_DANG_KIEM)
    VALUES (29, 'Long An', 0.10, 156000, 437000, 1000000, 340000);

INSERT INTO GIA_LAN_BANH (MA_TINH, TEN_TINH, PHI_TRUOC_BA, PHI_SD_DUONG_BO, BAO_HIEM_TNDS, PHI_DK_BIEN_SO, PHI_DANG_KIEM)
    VALUES (30, 'Lào Cai', 0.10, 156000, 437000, 1000000, 340000);

INSERT INTO GIA_LAN_BANH (MA_TINH, TEN_TINH, PHI_TRUOC_BA, PHI_SD_DUONG_BO, BAO_HIEM_TNDS, PHI_DK_BIEN_SO, PHI_DANG_KIEM)
    VALUES (31, 'Lâm Đồng', 0.10, 156000, 437000, 1000000, 340000);

INSERT INTO GIA_LAN_BANH (MA_TINH, TEN_TINH, PHI_TRUOC_BA, PHI_SD_DUONG_BO, BAO_HIEM_TNDS, PHI_DK_BIEN_SO, PHI_DANG_KIEM)
    VALUES (32, 'Lạng Sơn', 0.10, 156000, 437000, 1000000, 340000);

INSERT INTO GIA_LAN_BANH (MA_TINH, TEN_TINH, PHI_TRUOC_BA, PHI_SD_DUONG_BO, BAO_HIEM_TNDS, PHI_DK_BIEN_SO, PHI_DANG_KIEM)
    VALUES (33, 'Nam Định', 0.10, 156000, 437000, 1000000, 340000);

INSERT INTO GIA_LAN_BANH (MA_TINH, TEN_TINH, PHI_TRUOC_BA, PHI_SD_DUONG_BO, BAO_HIEM_TNDS, PHI_DK_BIEN_SO, PHI_DANG_KIEM)
    VALUES (34, 'Nghệ An', 0.10, 156000, 437000, 1000000, 340000);

INSERT INTO GIA_LAN_BANH (MA_TINH, TEN_TINH, PHI_TRUOC_BA, PHI_SD_DUONG_BO, BAO_HIEM_TNDS, PHI_DK_BIEN_SO, PHI_DANG_KIEM)
    VALUES (35, 'Ninh Bình', 0.10, 156000, 437000, 1000000, 340000);

INSERT INTO GIA_LAN_BANH (MA_TINH, TEN_TINH, PHI_TRUOC_BA, PHI_SD_DUONG_BO, BAO_HIEM_TNDS, PHI_DK_BIEN_SO, PHI_DANG_KIEM)
    VALUES (36, 'Ninh Thuận', 0.10, 156000, 437000, 1000000, 340000);

INSERT INTO GIA_LAN_BANH (MA_TINH, TEN_TINH, PHI_TRUOC_BA, PHI_SD_DUONG_BO, BAO_HIEM_TNDS, PHI_DK_BIEN_SO, PHI_DANG_KIEM)
    VALUES (37, 'Phú Thọ', 0.10, 156000, 437000, 1000000, 340000);

INSERT INTO GIA_LAN_BANH (MA_TINH, TEN_TINH, PHI_TRUOC_BA, PHI_SD_DUONG_BO, BAO_HIEM_TNDS, PHI_DK_BIEN_SO, PHI_DANG_KIEM)
    VALUES (38, 'Phú Yên', 0.10, 156000, 437000, 1000000, 340000);

INSERT INTO GIA_LAN_BANH (MA_TINH, TEN_TINH, PHI_TRUOC_BA, PHI_SD_DUONG_BO, BAO_HIEM_TNDS, PHI_DK_BIEN_SO, PHI_DANG_KIEM)
    VALUES (39, 'Quảng Bình', 0.10, 156000, 437000, 1000000, 340000);

INSERT INTO GIA_LAN_BANH (MA_TINH, TEN_TINH, PHI_TRUOC_BA, PHI_SD_DUONG_BO, BAO_HIEM_TNDS, PHI_DK_BIEN_SO, PHI_DANG_KIEM)
    VALUES (40, 'Quảng Nam', 0.10, 156000, 437000, 1000000, 340000);

INSERT INTO GIA_LAN_BANH (MA_TINH, TEN_TINH, PHI_TRUOC_BA, PHI_SD_DUONG_BO, BAO_HIEM_TNDS, PHI_DK_BIEN_SO, PHI_DANG_KIEM)
    VALUES (41, 'Quảng Ngãi', 0.10, 156000, 437000, 1000000, 340000);

INSERT INTO GIA_LAN_BANH (MA_TINH, TEN_TINH, PHI_TRUOC_BA, PHI_SD_DUONG_BO, BAO_HIEM_TNDS, PHI_DK_BIEN_SO, PHI_DANG_KIEM)
    VALUES (42, 'Quảng Ninh', 0.10, 156000, 437000, 1000000, 340000);

INSERT INTO GIA_LAN_BANH (MA_TINH, TEN_TINH, PHI_TRUOC_BA, PHI_SD_DUONG_BO, BAO_HIEM_TNDS, PHI_DK_BIEN_SO, PHI_DANG_KIEM)
    VALUES (43, 'Quảng Trị', 0.10, 156000, 437000, 1000000, 340000);

INSERT INTO GIA_LAN_BANH (MA_TINH, TEN_TINH, PHI_TRUOC_BA, PHI_SD_DUONG_BO, BAO_HIEM_TNDS, PHI_DK_BIEN_SO, PHI_DANG_KIEM)
    VALUES (44, 'Sóc Trăng', 0.10, 156000, 437000, 1000000, 340000);

INSERT INTO GIA_LAN_BANH (MA_TINH, TEN_TINH, PHI_TRUOC_BA, PHI_SD_DUONG_BO, BAO_HIEM_TNDS, PHI_DK_BIEN_SO, PHI_DANG_KIEM)
    VALUES (45, 'Sơn La', 0.10, 156000, 437000, 1000000, 340000);

INSERT INTO GIA_LAN_BANH (MA_TINH, TEN_TINH, PHI_TRUOC_BA, PHI_SD_DUONG_BO, BAO_HIEM_TNDS, PHI_DK_BIEN_SO, PHI_DANG_KIEM)
    VALUES (46, 'Thanh Hoá', 0.10, 156000, 437000, 1000000, 340000);

INSERT INTO GIA_LAN_BANH (MA_TINH, TEN_TINH, PHI_TRUOC_BA, PHI_SD_DUONG_BO, BAO_HIEM_TNDS, PHI_DK_BIEN_SO, PHI_DANG_KIEM)
    VALUES (47, 'Thành phố Hồ Chí Minh', 0.10, 156000, 437000, 11000000, 340000);

INSERT INTO GIA_LAN_BANH (MA_TINH, TEN_TINH, PHI_TRUOC_BA, PHI_SD_DUONG_BO, BAO_HIEM_TNDS, PHI_DK_BIEN_SO, PHI_DANG_KIEM)
    VALUES (48, 'Thái Bình', 0.10, 156000, 437000, 1000000, 340000);

INSERT INTO GIA_LAN_BANH (MA_TINH, TEN_TINH, PHI_TRUOC_BA, PHI_SD_DUONG_BO, BAO_HIEM_TNDS, PHI_DK_BIEN_SO, PHI_DANG_KIEM)
    VALUES (49, 'Thái Nguyên', 0.10, 156000, 437000, 1000000, 340000);

INSERT INTO GIA_LAN_BANH (MA_TINH, TEN_TINH, PHI_TRUOC_BA, PHI_SD_DUONG_BO, BAO_HIEM_TNDS, PHI_DK_BIEN_SO, PHI_DANG_KIEM)
    VALUES (50, 'Thừa Thiên - Huế', 0.10, 156000, 437000, 1000000, 340000);

INSERT INTO GIA_LAN_BANH (MA_TINH, TEN_TINH, PHI_TRUOC_BA, PHI_SD_DUONG_BO, BAO_HIEM_TNDS, PHI_DK_BIEN_SO, PHI_DANG_KIEM)
    VALUES (51, 'Tiền Giang', 0.10, 156000, 437000, 1000000, 340000);

INSERT INTO GIA_LAN_BANH (MA_TINH, TEN_TINH, PHI_TRUOC_BA, PHI_SD_DUONG_BO, BAO_HIEM_TNDS, PHI_DK_BIEN_SO, PHI_DANG_KIEM)
    VALUES (52, 'Trà Vinh', 0.10, 156000, 437000, 1000000, 340000);

INSERT INTO GIA_LAN_BANH (MA_TINH, TEN_TINH, PHI_TRUOC_BA, PHI_SD_DUONG_BO, BAO_HIEM_TNDS, PHI_DK_BIEN_SO, PHI_DANG_KIEM)
    VALUES (53, 'Tuyên Quang', 0.10, 156000, 437000, 1000000, 340000);

INSERT INTO GIA_LAN_BANH (MA_TINH, TEN_TINH, PHI_TRUOC_BA, PHI_SD_DUONG_BO, BAO_HIEM_TNDS, PHI_DK_BIEN_SO, PHI_DANG_KIEM)
    VALUES (54, 'Tây Ninh', 0.10, 156000, 437000, 1000000, 340000);

INSERT INTO GIA_LAN_BANH (MA_TINH, TEN_TINH, PHI_TRUOC_BA, PHI_SD_DUONG_BO, BAO_HIEM_TNDS, PHI_DK_BIEN_SO, PHI_DANG_KIEM)
    VALUES (55, 'Vĩnh Long', 0.10, 156000, 437000, 1000000, 340000);

INSERT INTO GIA_LAN_BANH (MA_TINH, TEN_TINH, PHI_TRUOC_BA, PHI_SD_DUONG_BO, BAO_HIEM_TNDS, PHI_DK_BIEN_SO, PHI_DANG_KIEM)
    VALUES (56, 'Vĩnh Phúc', 0.10, 156000, 437000, 1000000, 340000);

INSERT INTO GIA_LAN_BANH (MA_TINH, TEN_TINH, PHI_TRUOC_BA, PHI_SD_DUONG_BO, BAO_HIEM_TNDS, PHI_DK_BIEN_SO, PHI_DANG_KIEM)
    VALUES (57, 'Yên Bái', 0.10, 156000, 437000, 1000000, 340000);

INSERT INTO GIA_LAN_BANH (MA_TINH, TEN_TINH, PHI_TRUOC_BA, PHI_SD_DUONG_BO, BAO_HIEM_TNDS, PHI_DK_BIEN_SO, PHI_DANG_KIEM)
    VALUES (58, 'Điện Biên', 0.10, 156000, 437000, 1000000, 340000);

INSERT INTO GIA_LAN_BANH (MA_TINH, TEN_TINH, PHI_TRUOC_BA, PHI_SD_DUONG_BO, BAO_HIEM_TNDS, PHI_DK_BIEN_SO, PHI_DANG_KIEM)
    VALUES (59, 'Đà Nẵng', 0.10, 156000, 437000, 1000000, 340000);

INSERT INTO GIA_LAN_BANH (MA_TINH, TEN_TINH, PHI_TRUOC_BA, PHI_SD_DUONG_BO, BAO_HIEM_TNDS, PHI_DK_BIEN_SO, PHI_DANG_KIEM)
    VALUES (60, 'Đắk Lắk', 0.10, 156000, 437000, 1000000, 340000);

INSERT INTO GIA_LAN_BANH (MA_TINH, TEN_TINH, PHI_TRUOC_BA, PHI_SD_DUONG_BO, BAO_HIEM_TNDS, PHI_DK_BIEN_SO, PHI_DANG_KIEM)
    VALUES (61, 'Đắk Nông', 0.10, 156000, 437000, 1000000, 340000);

INSERT INTO GIA_LAN_BANH (MA_TINH, TEN_TINH, PHI_TRUOC_BA, PHI_SD_DUONG_BO, BAO_HIEM_TNDS, PHI_DK_BIEN_SO, PHI_DANG_KIEM)
    VALUES (62, 'Đồng Nai', 0.10, 156000, 437000, 1000000, 340000);

INSERT INTO GIA_LAN_BANH (MA_TINH, TEN_TINH, PHI_TRUOC_BA, PHI_SD_DUONG_BO, BAO_HIEM_TNDS, PHI_DK_BIEN_SO, PHI_DANG_KIEM)
    VALUES (63, 'Đồng Tháp', 0.10, 156000, 437000, 1000000, 340000);
SELECT * FROM XE;

--THU TUC NHAP VAO XE MOI
CREATE OR REPLACE PROCEDURE THEM_XE(
    MA_XE_MOI          XE.MA_XE%TYPE,
    MA_HANG_MOI        XE.MA_HANG_XE%TYPE,
    DONG_XE_MOI        XE.DONG_XE%TYPE,
    PHIEN_BAN_MOI      XE.PHIEN_BAN%TYPE,
    PHAN_KHUC_MOI      XE.PHAN_KHUC%TYPE,
    DONG_CO_MOI        XE.DONG_CO%TYPE,
    GIA_NIEM_YET_MOI   XE.GIA_NIEM_YET%TYPE,
    DAM_PHAN_MOI       XE.DAM_PHAN%TYPE)
IS
BEGIN
    INSERT INTO XE(
        MA_XE,
        MA_HANG_XE,
        DONG_XE,
        PHIEN_BAN,
        PHAN_KHUC,
        DONG_CO,
        GIA_NIEM_YET,
        DAM_PHAN
    )VALUES (
        MA_XE_MOI,
        MA_HANG_MOI,
        DONG_XE_MOI,
        PHIEN_BAN_MOI,
        PHAN_KHUC_MOI,
        DONG_CO_MOI,
        GIA_NIEM_YET_MOI,
        DAM_PHAN_MOI
    );
    COMMIT;
END;

--CHECK BANG XE
SELECT * FROM XE;
--GOI THU TUC DE THEM XE
EXECUTE THEM_XE('TOY7', 'TOY', 'Alphard 2024', 'Xăng', 'MPV cỡ lớn', 'Xăng 2.4 Turbo', 4370000000, '');
EXECUTE THEM_XE('TOY8', 'TOY', 'Alphard 2024', 'Hybrid', 'MPV cỡ lớn', 'Xăng 2.4 Turbo', 4475000000, '');
EXECUTE THEM_XE('TOY9', 'TOY', 'Fortuner 2024', '2.4 AT 4x2', 'Xe cỡ trung hạng D', '2GD-FTV, Euro 5', 1055000000, 'Khuyến mãi bộ phụ kiện trị giá 30-70 triệu đồng');
EXECUTE THEM_XE('TOY10', 'TOY', 'Fortuner 2024', '2.7 AT 4x2', 'Xe cỡ trung hạng D', '2TR-FE, Euro 5', 1165000000, 'Khuyến mãi bộ phụ kiện trị giá 30-70 triệu đồng');
EXECUTE THEM_XE('TOY11', 'TOY', 'Fortuner 2024', 'Legender 2.4 AT 4x2', 'Xe cỡ trung hạng D', '2GD-FTV, Euro 5', 1185000000, 'Khuyến mãi bộ phụ kiện trị giá 30-70 triệu đồng');

--CAP NHAT GIA NIEM YET CHO XE
CREATE OR REPLACE PROCEDURE CAP_NHAT_GIA(
    MA_XE_CN    XE.MA_XE%TYPE,
    GIA_XE_MOI  XE.GIA_NIEM_YET%TYPE
)
IS
BEGIN
    UPDATE XE SET GIA_NIEM_YET = GIA_XE_MOI
    WHERE MA_XE = MA_XE_CN;
    COMMIT;
END;
--GOI THU TUC CAP NHAT GIA
EXECUTE CAP_NHAT_GIA('POR2', 1000);
EXECUTE CAP_NHAT_GIA('POR3', 2000);
EXECUTE CAP_NHAT_GIA('POR1', 16500000000);

--HAM TRA VE GIA NIEM YET CUA XE
CREATE OR REPLACE FUNCTION LAY_GIA_NY(MA_XE_NY XE.MA_XE%TYPE)
    RETURN NUMBER
IS
    GIA_NY XE.GIA_NIEM_YET%TYPE;
BEGIN
    SELECT GIA_NIEM_YET INTO GIA_NY
    FROM XE
    WHERE MA_XE = MA_XE_NY;
    RETURN GIA_NY;
END;

SET SERVEROUTPUT ON;
--VD: LAY GIA NIEM YET XE CO MA BMW1
DECLARE
    GIA_NY NUMBER;
BEGIN
    GIA_NY := LAY_GIA_NY('BMW1');
    DBMS_OUTPUT.PUT_LINE('CO GIA NIEM YET: ' || GIA_NY);
END;

--HAM LAY TEN XE VA HANG XE CO GIA CAO NHAT
CREATE OR REPLACE FUNCTION LAY_XE_GIA_CAO_NHAT
    RETURN VARCHAR2
IS
    MA_XE_GCN   XE.MA_XE%TYPE;
    DONG_XE_GCN XE.DONG_XE%TYPE;
    GIA_XE      XE.GIA_NIEM_YET%TYPE;
    RESULT VARCHAR2(4000):= '';
    CURSOR cur IS
        SELECT A.DONG_XE, B.TEN_HANG_XE, A.PHIEN_BAN, A.GIA_NIEM_YET
        FROM XE A
        JOIN HANG_XE B ON A.MA_HANG_XE = B.MA_HANG_XE
        WHERE A.GIA_NIEM_YET = (SELECT MAX(GIA_NIEM_YET) FROM XE);
BEGIN
    FOR record IN cur LOOP
    RESULT  := RESULT ||'DÒNG XE: ' || RECORD.DONG_XE ||
            ' ,PHIÊN BẢN: ' || RECORD.PHIEN_BAN ||
            ' ,HÃNG XE: ' || RECORD.TEN_HANG_XE ||';';
    END LOOP;
    RETURN RTRIM(RESULT, '; ');
END;

SET SERVEROUTPUT ON;
--LAY XE CO GIA CAO NHAT
DECLARE
    MA_XE_GCN CHAR(5);
    MA_HANG CHAR(5);
    GIA_NY NUMBER(20,2);
BEGIN 
    MA_XE_GCN := LAY_XE_GIA_CAO_NHAT;
    SELECT MA_HANG_XE, GIA_NIEM_YET
    INTO MA_HANG, GIA_NY
    FROM XE
    WHERE MA_XE = MA_XE_GCN;
    
    DBMS_OUTPUT.PUT_LINE('MA XE: ' || MA_XE_GCN ||', MA HANG XE: ' || MA_HANG || ', GIA NIEM YET: ' || GIA_NY);
END;

--VIET THU TUC XOA XE
CREATE OR REPLACE PROCEDURE XOA_XE(MA_XE_XOA XE.MA_XE%TYPE)
IS
BEGIN
    DELETE FROM XE
    WHERE MA_XE = MA_XE_XOA;
    COMMIT;
END;
EXECUTE XOA_XE('FOR5'); 
SELECT * FROM XE;

--HAM TRA VE GIA LAN BANH
CREATE OR REPLACE FUNCTION TONG_GIA_LAN_BANH(
    MA_XE_LB    XE.MA_XE%TYPE,
    TP          GIA_LAN_BANH.MA_TINH%TYPE
)   RETURN NUMBER
IS  
    TONG        NUMBER;
    GIA_NY      XE.GIA_NIEM_YET%TYPE;
    PHI_TB      GIA_LAN_BANH.PHI_TRUOC_BA%TYPE;
    PHI_SDDB    GIA_LAN_BANH.PHI_SD_DUONG_BO%TYPE;
    BAO_HIEM    GIA_LAN_BANH.BAO_HIEM_TNDS%TYPE;
    PHI_BIEN    GIA_LAN_BANH.PHI_DK_BIEN_SO%TYPE;
    PHI_DKIEM   GIA_LAN_BANH.PHI_DANG_KIEM%TYPE;
BEGIN
    TONG := 0;
    SELECT GIA_NIEM_YET INTO GIA_NY
    FROM XE
    WHERE MA_XE = MA_XE_LB;
    SELECT PHI_TRUOC_BA, PHI_SD_DUONG_BO, BAO_HIEM_TNDS, PHI_DK_BIEN_SO, PHI_DANG_KIEM
    INTO PHI_TB, PHI_SDDB, BAO_HIEM, PHI_BIEN, PHI_DKIEM
    FROM GIA_LAN_BANH
    WHERE MA_TINH = TP;
    
    TONG := GIA_NY + (GIA_NY * PHI_TB) + PHI_SDDB + BAO_HIEM + PHI_BIEN + PHI_DKIEM;
    RETURN TONG;
END;

SET SERVEROUTPUT ON;
--VD: LAY GIA LAN BANH CUA XE POR1 O CAN THO
DECLARE
    GIA_LB  NUMBER;
BEGIN
    GIA_LB := TONG_GIA_LAN_BANH('POR1');
    DBMS_OUTPUT.PUT_LINE('TONG GIA LAN BANH: ' || GIA_LB || ' VND');
END;

--TAO BANG THEO DOI VIEC SUA GIA TRONG BANG XE
CREATE TABLE VEHICLE_PRICE_LOG(
    LOG_ID          NUMBER GENERATED BY DEFAULT AS IDENTITY PRIMARY KEY,
    ID_VEHICLE      CHAR(5),
    OLD_PRICE       NUMBER,
    NEW_PRICE       NUMBER,
    CHANGED_BY      NVARCHAR2(100),
    MODIFY_TIME     DATE
);

--TAO TRIGGER THEO DOI
CREATE OR REPLACE TRIGGER CHECK_VEHICLE_LOG
    AFTER UPDATE OF GIA_NIEM_YET ON XE
    FOR EACH ROW
BEGIN
    INSERT INTO VEHICLE_PRICE_LOG(
        ID_VEHICLE,
        OLD_PRICE,
        NEW_PRICE,
        CHANGED_BY,
        MODIFY_TIME
    )
    VALUES(
        :old.MA_XE,
        :old.GIA_NIEM_YET,
        :new.GIA_NIEM_YET,
        USER,
        SYSDATE
    );
END;
SELECT * FROM VEHICLE_PRICE_LOG;  
SELECT * FROM XE;

UPDATE XE
    SET GIA_NIEM_YET = 1234000
    WHERE MA_XE = 'POR1';

UPDATE XE
    SET GIA_NIEM_YET = 79797979
    WHERE MA_XE = 'POR2';
UPDATE XE
    SET GIA_NIEM_YET = 83868386
    WHERE MA_XE = 'POR3';
    
--TAO BANG THEO DOI XOA DU LIEU
CREATE TABLE DATA_LOG_DELETE(
    ID          NUMBER GENERATED BY DEFAULT AS IDENTITY PRIMARY KEY,
    MA_XE       CHAR(5),
    MODIFIED_BY VARCHAR2(50)
);

--TAO TRIGGER CHECK DELETE LOG
CREATE OR REPLACE PROCEDURE XOA_XE(
    p_ma_xe CHAR,
    p_modified_by VARCHAR2 DEFAULT NULL
) AS
BEGIN
    -- Xóa xe từ bảng XE
    DELETE FROM XE WHERE MA_XE = p_ma_xe;

    -- Ghi log xóa vào bảng DATA_LOG_DELETE, sử dụng `USER` nếu `p_modified_by` là NULL
    INSERT INTO DATA_LOG_DELETE (
        MA_XE,
        MODIFIED_BY
    ) VALUES (
        p_ma_xe,
        NVL(p_modified_by, USER) -- Dùng `USER` nếu `p_modified_by` là NULL
    );

    COMMIT;
END;

SELECT*FROM XE;
SELECT * FROM DATA_LOG_DELETE;
DELETE FROM XE WHERE MA_XE = 'TOY12';

CREATE TABLE ACCOUNTS(
    ID_ACCOUNT NUMBER GENERATED BY DEFAULT AS IDENTITY PRIMARY KEY,
    USER_NAME  VARCHAR2(50) UNIQUE NOT NULL,
    PASS_WORD  VARCHAR2(255) NOT NULL,
    PHONE      VARCHAR2(10) NOT NULL,
    EMAIL      VARCHAR2(50) DEFAULT NULL,
    ROLE       VARCHAR2(50) DEFAULT 'USER'
);
INSERT INTO ACCOUNTS (USER_NAME, PASS_WORD, PHONE, ROLE) 
    VALUES ('C##STORE_MANAGER', '12345', '0999888879', 'STORE MANAGER');
INSERT INTO ACCOUNTS (USER_NAME, PASS_WORD, PHONE, ROLE) 
    VALUES ('C##CAR_SALER', '12345', '0123555586', 'SALER');
INSERT INTO ACCOUNTS (USER_NAME, PASS_WORD, PHONE, ROLE) 
    VALUES ('C##XUANDONGTEST', '123456', '0983868386', 'ADMIN');
SELECT * FROM ACCOUNTS;
drop table accounts;